{"train/loss": 0.2025051712989807, "train/accuracy": 0.9491193890571594, "_timestamp": 1691270719.1835482, "_runtime": 2.7259092330932617, "_step": 25, "epoch": 24.0, "accuracy": 0.9518101811408995, "loss": 0.1956234127283096, "_wandb": {"runtime": 2}}